Success_Nodes,Fail_Nodes,Skipped_Nodes,Data_Collected_KB,Total_Time,Total_Energy,Total_Flight_Distance,Total_Comm_Latency,Attempts,Retry_Sum,Total_Waypoints,Success_Rate,Avg_Comm_Latency,Eff_Data_Per_Time,Eff_Data_Per_Energy,Avg_Retry_Per_Node,Strategy,Node_File,Num_Nodes
49,1,0,3013.4410028791117,2186.320033443982,2623.8185612833563,5.863028764467194,2186.0268820057586,218,168,50,0.98,10.027646247732838,1.3783165121220677,1.148494429967438,0.7706422018348624,baseline,data1001,50
44,6,1,2611.012716494703,1005.5151768712126,1206.8527333960344,5.863028764467194,1005.2220254329892,100,50,50,0.88,10.052220254329892,2.5966915035725258,2.163489085488848,0.5,lya,data1001,50
49,1,0,3013.4410028791117,2186.308563880439,2623.795622156272,5.633637493624819,2186.0268820057586,218,168,50,0.98,10.027646247732838,1.3783237428895263,1.1485044709399368,0.7706422018348624,baseline,data1002,50
44,6,1,2611.012716494703,1005.5037073076704,1206.82979426895,5.633637493624819,1005.2220254329892,100,50,50,0.88,10.052220254329892,2.596721123471471,2.163530208562966,0.5,lya,data1002,50
49,1,0,3013.4410028791117,2186.29711427429,2623.772722943972,5.404645370623238,2186.0268820057586,218,168,50,0.98,10.027646247732838,1.3783309611508956,1.1485144946159502,0.7706422018348624,baseline,data1003,50
44,6,1,2611.012716494703,1005.4922577015204,1206.8068950566499,5.404645370623238,1005.2220254329892,100,50,50,0.88,10.052220254329892,2.5967506925048647,2.1635712616409415,0.5,lya,data1003,50
49,1,0,3013.4410028791117,2186.302209922515,2623.782914240424,5.5065583351420795,2186.0268820057586,218,168,50,0.98,10.027646247732838,1.3783277486537011,1.1485100335564509,0.7706422018348624,baseline,data1004,50
44,6,1,2611.012716494703,1005.4973533497464,1206.817086353101,5.5065583351420795,1005.2220254329892,100,50,50,0.88,10.052220254329892,2.596737532720788,2.16355299077258,0.5,lya,data1004,50
49,1,0,3013.4410028791117,2186.297836161673,2623.7741667187393,5.419083118300426,2186.0268820057586,218,168,50,0.98,10.027646247732838,1.3783305060437672,1.148513862627013,0.7706422018348624,baseline,data1005,50
44,6,1,2611.012716494703,1005.4929795889044,1206.8083388314178,5.419083118300426,1005.2220254329892,100,50,50,0.88,10.052220254329892,2.596748828183977,2.1635686732352304,0.5,lya,data1005,50
49,1,0,3013.4410028791117,2186.324402821881,2623.827300039155,5.950416322450355,2186.0268820057586,218,168,50,0.98,10.027646247732838,1.3783137575511093,1.1484906048634156,0.7706422018348624,baseline,data1006,50
44,6,1,2611.012716494703,1005.5195462491116,1206.8614721518322,5.950416322450355,1005.2220254329892,100,50,50,0.88,10.052220254329892,2.5966802199266645,2.163473419894059,0.5,lya,data1006,50
49,1,0,3013.4410028791117,2186.3102000278445,2623.798894451083,5.666360441735921,2186.0268820057586,218,168,50,0.98,10.027646247732838,1.3783227114069783,1.1485030385720718,0.7706422018348624,baseline,data1007,50
44,6,1,2611.012716494703,1005.5053434550761,1206.833066563761,5.666360441735921,1005.2220254329892,100,50,50,0.88,10.052220254329892,2.5967168981149804,2.163524342210054,0.5,lya,data1007,50
49,1,0,3013.4410028791117,2186.2932060436974,2623.7649064827874,5.32648075878302,2186.0268820057586,218,168,50,0.98,10.027646247732838,1.3783334250634276,1.1485179161568608,0.7706422018348624,baseline,data1008,50
44,6,1,2611.012716494703,1005.4883494709283,1206.7990785954657,5.32648075878302,1005.2220254329892,100,50,50,0.88,10.052220254329892,2.5967607858097765,2.1635852751342277,0.5,lya,data1008,50
49,1,0,3013.4410028791117,2186.3065921236675,2623.7916786427277,5.594202358189806,2186.0268820057586,218,168,50,0.98,10.027646247732838,1.3783249859535975,1.1485061971223063,0.7706422018348624,baseline,data1009,50
44,6,1,2611.012716494703,1005.5017355508986,1206.8258507554065,5.594202358189806,1005.2220254329892,100,50,50,0.88,10.052220254329892,2.596726215558614,2.1635372782745357,0.5,lya,data1009,50
49,1,0,3013.4410028791117,2186.3306593867405,2623.8398131688746,6.075547619648671,2186.0268820057586,218,168,50,0.98,10.027646247732838,1.3783098132669342,1.1484851276952408,0.7706422018348624,baseline,data1010,50
44,6,1,2611.012716494703,1005.5258028139718,1206.8739852815522,6.075547619648671,1005.2220254329892,100,50,50,0.88,10.052220254329892,2.5966640629089413,2.1634509885351276,0.5,lya,data1010,50
49,1,0,3013.4410028791117,2186.3136533950055,2623.805801185405,5.735427784948054,2186.0268820057586,218,168,50,0.98,10.027646247732838,1.3783205342928293,1.1485000153279918,0.7706422018348624,baseline,data1011,50
44,6,1,2611.012716494703,1005.5087968222365,1206.8399732980818,5.735427784948054,1005.2220254329892,100,50,50,0.88,10.052220254329892,2.596707979827155,2.163511960379688,0.5,lya,data1011,50
49,1,0,3013.4410028791117,2186.286608665861,2623.7517117271136,5.194533202041687,2186.0268820057586,218,168,50,0.98,10.027646247732838,1.3783375843471894,1.1485236920133273,0.7706422018348624,baseline,data1012,50
44,6,1,2611.012716494703,1005.4817520930914,1206.7858838397915,5.194533202041687,1005.2220254329892,100,50,50,0.88,10.052220254329892,2.596777824221484,2.163608931343227,0.5,lya,data1012,50
49,1,0,3013.4410028791117,2186.314337888595,2623.8071701725817,5.749117656717054,2186.0268820057586,218,168,50,0.98,10.027646247732838,1.3783201027667884,1.1484994160911992,0.7706422018348624,baseline,data1013,50
44,6,1,2611.012716494703,1005.5094813158249,1206.8413422852586,5.749117656717054,1005.2220254329892,100,50,50,0.88,10.052220254329892,2.596706212136252,2.163509506187884,0.5,lya,data1013,50
49,1,0,3013.4410028791117,2186.2917388152237,2623.761972025839,5.297136189288307,2186.0268820057586,218,168,50,0.98,10.027646247732838,1.3783343500680882,1.14851920067749,0.7706422018348624,baseline,data1014,50
44,6,1,2611.012716494703,1005.4868822424537,1206.7961441385162,5.297136189288307,1005.2220254329892,100,50,50,0.88,10.052220254329892,2.5967645750599737,2.1635905361287024,0.5,lya,data1014,50
49,1,0,3013.4410028791117,2186.337703312032,2623.8539010194554,6.216426125464563,2186.0268820057586,218,168,50,0.98,10.027646247732838,1.3783053726394237,1.1484789613127044,0.7706422018348624,baseline,data1015,50
44,6,1,2611.012716494703,1005.5328467392624,1206.8880731321342,6.216426125464563,1005.2220254329892,100,50,50,0.88,10.052220254329892,2.5966458728441184,2.1634257348476096,0.5,lya,data1015,50
49,1,0,3013.4410028791117,2186.2940261818703,2623.766546759134,5.342883522241207,2186.0268820057586,218,168,50,0.98,10.027646247732838,1.378332908013185,1.1485171981483269,0.7706422018348624,baseline,data1016,50
44,6,1,2611.012716494703,1005.4891696091012,1206.8007188718113,5.342883522241207,1005.2220254329892,100,50,50,0.88,10.052220254329892,2.5967586677336096,2.163582334402015,0.5,lya,data1016,50
49,1,0,3013.4410028791117,2186.3168328870047,2623.812160169402,5.799017624922912,2186.0268820057586,218,168,50,0.98,10.027646247732838,1.3783185298445055,1.148497231861504,0.7706422018348624,baseline,data1017,50
44,6,1,2611.012716494703,1005.5119763142352,1206.8463322820799,5.799017624922912,1005.2220254329892,100,50,50,0.88,10.052220254329892,2.596699768873492,2.1635005606367645,0.5,lya,data1017,50
49,1,0,3013.4410028791117,2186.3101066030517,2623.798707601497,5.664491945873405,2186.0268820057586,218,168,50,0.98,10.027646247732838,1.3783227703050793,1.1485031203608602,0.7706422018348624,baseline,data1018,50
44,6,1,2611.012716494703,1005.5052500302828,1206.832879714175,5.664491945873405,1005.2220254329892,100,50,50,0.88,10.052220254329892,2.5967171393844706,2.1635246771807313,0.5,lya,data1018,50
49,1,0,3013.4410028791117,2186.330318666209,2623.8391317278115,6.068733209009869,2186.0268820057586,218,168,50,0.98,10.027646247732838,1.37831002806451,1.1484854259699775,0.7706422018348624,baseline,data1019,50
44,6,1,2611.012716494703,1005.5254620934401,1206.8733038404885,6.068733209009869,1005.2220254329892,100,50,50,0.88,10.052220254329892,2.596664942783985,2.1634522100919704,0.5,lya,data1019,50
49,1,0,3013.4410028791117,2186.2939242734824,2623.766342942356,5.340845354460851,2186.0268820057586,218,168,50,0.98,10.027646247732838,1.378332972260578,1.1485172873662846,0.7706422018348624,baseline,data1020,50
44,6,1,2611.012716494703,1005.4890677007123,1206.8005150550332,5.340845354460851,1005.2220254329892,100,50,50,0.88,10.052220254329892,2.5967589309204513,2.1635826998098637,0.5,lya,data1020,50
58,42,0,2497.29783628345,2495.3599847440223,2994.7242929499903,7.307781429110748,2494.9945956725664,249,188,100,0.58,10.0200586171589,1.0007765819566217,0.833899081181679,0.7550200803212851,baseline,data31,100
77,23,11,2192.5034410075496,1844.75039595347,2213.992786401328,7.307781429110748,1844.3850068820147,184,84,100,0.77,10.023831559141385,1.18850953810168,0.990293850311632,0.45652173913043476,lya,data31,100
58,42,0,2497.29783628345,2495.384971902182,2994.7742672663117,7.807524592312476,2494.9945956725664,249,188,100,0.58,10.0200586171589,1.0007665608324194,0.8338851657634391,0.7550200803212851,baseline,data32,100
77,23,11,2192.5034410075496,1844.7753831116308,2214.0427607176484,7.807524592312476,1844.3850068820147,184,84,100,0.77,10.023831559141385,1.1884934399489855,0.99027149787156,0.45652173913043476,lya,data32,100
58,42,0,2497.29783628345,2495.393617519129,2994.7915585002015,7.98043693123136,2494.9945956725664,249,188,100,0.58,10.0200586171589,1.0007630935460252,0.8338803511033345,0.7550200803212851,baseline,data33,100
77,23,11,2192.5034410075496,1844.7840287285758,2214.06005195154,7.98043693123136,1844.3850068820147,184,84,100,0.77,10.023831559141385,1.1884878700509034,0.99026376410839,0.45652173913043476,lya,data33,100
58,42,0,2497.29783628345,2495.3799262159223,2994.764175893791,7.706610867115224,2494.9945956725664,249,188,100,0.58,10.0200586171589,1.0007685843936542,0.8338879756828026,0.7550200803212851,baseline,data34,100
77,23,11,2192.5034410075496,1844.7703374253697,2214.032669345128,7.706610867115224,1844.3850068820147,184,84,100,0.77,10.023831559141385,1.1884966906327696,0.9902760114447876,0.45652173913043476,lya,data34,100
58,42,0,2497.29783628345,2495.389492162074,2994.783307786096,7.897929790171599,2494.9945956725664,249,188,100,0.58,10.0200586171589,1.0007647479992081,0.8338826484676737,0.7550200803212851,baseline,data35,100
77,23,11,2192.5034410075496,1844.7799033715232,2214.051801237436,7.897929790171599,1844.3850068820147,184,84,100,0.77,10.023831559141385,1.188490527786283,0.9902674543487,0.45652173913043476,lya,data35,100
58,42,0,2497.29783628345,2495.3850984587666,2994.7745203794852,7.8100557240386355,2494.9945956725664,249,188,100,0.58,10.0200586171589,1.0007665100772882,0.8338850952849042,0.7550200803212851,baseline,data36,100
77,23,11,2192.5034410075496,1844.775509668217,2214.043013830822,7.8100557240386355,1844.3850068820147,184,84,100,0.77,10.023831559141385,1.1884933584151232,0.9902713846620333,0.45652173913043476,lya,data36,100
58,42,0,2497.29783628345,2495.3839033185714,2994.7721300990947,7.786152920132134,2494.9945956725664,249,188,100,0.58,10.0200586171589,1.000766989384813,0.8338857608511324,0.7550200803212851,baseline,data37,100
77,23,11,2192.5034410075496,1844.774314528022,2214.04062355043,7.786152920132134,1844.3850068820147,184,84,100,0.77,10.023831559141385,1.1884941283825783,0.990272453759975,0.45652173913043476,lya,data37,100
58,42,0,2497.29783628345,2495.36123162391,2994.7267867097667,7.332719026870395,2494.9945956725664,249,188,100,0.58,10.0200586171589,1.0007760818894664,0.8338983867797738,0.7550200803212851,baseline,data38,100
77,23,11,2192.5034410075496,1844.7516428333583,2213.995280161105,7.332719026870395,1844.3850068820147,184,84,100,0.77,10.023831559141385,1.1885087347801888,0.9902927348824379,0.45652173913043476,lya,data38,100
58,42,0,2497.29783628345,2495.37529018,2994.7549038219504,7.613890148699849,2494.9945956725664,249,188,100,0.58,10.0200586171589,1.0007704436727478,0.833890557486478,0.7550200803212851,baseline,data39,100
77,23,11,2192.5034410075496,1844.7657013894495,2214.023397273288,7.613890148699849,1844.3850068820147,184,84,100,0.77,10.023831559141385,1.1884996774149634,0.9902801586052605,0.45652173913043476,lya,data39,100
58,42,0,2497.29783628345,2495.3919399483857,2994.788203358718,7.946885516391634,2494.9945956725664,249,188,100,0.58,10.0200586171589,1.0007637663264648,0.8338812853218395,0.7550200803212851,baseline,data40,100
77,23,11,2192.5034410075496,1844.782351157834,2214.056696810057,7.946885516391634,1844.3850068820147,184,84,100,0.77,10.023831559141385,1.188488950813887,0.9902652647361918,0.45652173913043476,lya,data40,100
58,42,0,2497.29783628345,2495.3874116948773,2994.7791468517016,7.856320446214592,2494.9945956725664,249,188,100,0.58,10.0200586171589,1.0007655823619288,0.8338838070609531,0.7550200803212851,baseline,data41,100
77,23,11,2192.5034410075496,1844.7778229043254,2214.0476403030398,7.856320446214592,1844.3850068820147,184,84,100,0.77,10.023831559141385,1.1884918681187215,0.9902693153917224,0.45652173913043476,lya,data41,100
58,42,0,2497.29783628345,2495.367460054169,2994.7392435702823,7.4572876320221715,2494.9945956725664,249,188,100,0.58,10.0200586171589,1.000773583955142,0.833894918111872,0.7550200803212851,baseline,data42,100
77,23,11,2192.5034410075496,1844.7578712636152,2214.00773702162,7.4572876320221715,1844.3850068820147,184,84,100,0.77,10.023831559141385,1.1885047220347333,0.9902871631139831,0.45652173913043476,lya,data42,100
58,42,0,2497.29783628345,2495.387806240873,2994.7799359436945,7.864211366156816,2494.9945956725664,249,188,100,0.58,10.0200586171589,1.0007654241307904,0.833883587341625,0.7550200803212851,baseline,data43,100
77,23,11,2192.5034410075496,1844.7782174503213,2214.0484293950335,7.864211366156816,1844.3850068820147,184,84,100,0.77,10.023831559141385,1.1884916139338535,0.9902689624574423,0.45652173913043476,lya,data43,100
58,42,0,2497.29783628345,2495.3947102278453,2994.7937439176403,8.002291105599905,2494.9945956725664,249,188,100,0.58,10.0200586171589,1.000762655321743,0.8338797425884192,0.7550200803212851,baseline,data44,100
77,23,11,2192.5034410075496,1844.785121437295,2214.062237368978,8.002291105599905,1844.3850068820147,184,84,100,0.77,10.023831559141385,1.188487166082163,0.9902627866563285,0.45652173913043476,lya,data44,100
58,42,0,2497.29783628345,2495.3861591026202,2994.7766416671866,7.831268601064423,2494.9945956725664,249,188,100,0.58,10.0200586171589,1.0007660847095174,0.8338845046197533,0.7550200803212851,baseline,data45,100
77,23,11,2192.5034410075496,1844.7765703120676,2214.0451351185243,7.831268601064423,1844.3850068820147,184,84,100,0.77,10.023831559141385,1.1884926750975917,0.9902704358780736,0.45652173913043476,lya,data45,100
58,42,0,2497.29783628345,2495.3815941749513,2994.76751181185,7.739970047698508,2494.9945956725664,249,188,100,0.58,10.0200586171589,1.0007679154614957,0.833887046802031,0.7550200803212851,baseline,data46,100
77,23,11,2192.5034410075496,1844.7720053843996,2214.0360052631877,7.739970047698508,1844.3850068820147,184,84,100,0.77,10.023831559141385,1.1884956160480613,0.9902745193824982,0.45652173913043476,lya,data46,100
58,42,0,2497.29783628345,2495.385980464954,2994.776284391857,7.827695847763501,2494.9945956725664,249,188,100,0.58,10.0200586171589,1.0007661563515475,0.8338846041017621,0.7550200803212851,baseline,data47,100
77,23,11,2192.5034410075496,1844.7763916744027,2214.0447778431935,7.827695847763501,1844.3850068820147,184,84,100,0.77,10.023831559141385,1.18849279018447,0.990270595675744,0.45652173913043476,lya,data47,100
58,42,0,2497.29783628345,2495.388350795922,2994.7810250537923,7.875102467112941,2494.9945956725664,249,188,100,0.58,10.0200586171589,1.0007652057391865,0.8338832840837148,0.7550200803212851,baseline,data48,100
77,23,11,2192.5034410075496,1844.7787620053705,2214.0495185051286,7.875102467112941,1844.3850068820147,184,84,100,0.77,10.023831559141385,1.1884912631063598,0.9902684753355804,0.45652173913043476,lya,data48,100
58,42,0,2497.29783628345,2495.3803051360123,2994.7649337339735,7.714189268936514,2494.9945956725664,249,188,100,0.58,10.0200586171589,1.0007684324283121,0.8338877646632971,0.7550200803212851,baseline,data49,100
77,23,11,2192.5034410075496,1844.7707163454613,2214.033427185312,7.714189268936514,1844.3850068820147,184,84,100,0.77,10.023831559141385,1.1884964465128522,0.990275672483801,0.45652173913043476,lya,data49,100
58,42,0,2497.29783628345,2495.382229802109,2994.7687830661657,7.752682590860211,2494.9945956725664,249,188,100,0.58,10.0200586171589,1.0007676605445301,0.8338866928239499,0.7550200803212851,baseline,data50,100
77,23,11,2192.5034410075496,1844.7726410115574,2214.037276517504,7.752682590860211,1844.3850068820147,184,84,100,0.77,10.023831559141385,1.1884952065449748,0.9902739507873936,0.45652173913043476,lya,data50,100
60,90,0,4133.29133395129,2498.7404685150786,2998.867670895836,9.477716943555388,2498.2665826679035,249,188,150,0.4,10.033199127180335,1.6541499151400754,1.3782840016800653,0.7550200803212851,baseline,data1501,150
107,43,4,4505.343143168924,2499.4845721335155,2999.7605952379613,9.477716943555388,2499.010686286339,249,126,150,0.7133333333333334,10.03618749512586,1.8025088825906388,1.501900901798975,0.5060240963855421,lya,data1501,150
60,90,0,4133.29133395129,2498.718428794668,2998.8235914550096,9.036922535283727,2498.2665826679035,249,188,150,0.4,10.033199127180335,1.6541645054201275,1.378304260953824,0.7550200803212851,baseline,data1502,150
107,43,4,4505.343143168924,2499.4625324131025,2999.716515797135,9.036922535283727,2499.010686286339,249,126,150,0.7133333333333334,10.03618749512586,1.8025247767243973,1.5019229715350915,0.5060240963855421,lya,data1502,150
60,90,0,4133.29133395129,2498.730333044725,2998.847399955125,9.275007536427353,2498.2665826679035,249,188,150,0.4,10.033199127180335,1.6541566247826502,1.3782933182972699,0.7550200803212851,baseline,data1503,150
107,43,4,4505.343143168924,2499.4744366631608,2999.7403242972487,9.275007536427353,2499.010686286339,249,126,150,0.7133333333333334,10.03618749512586,1.8025161918373651,1.501911050992187,0.5060240963855421,lya,data1503,150
60,90,0,4133.29133395129,2498.72716568817,2998.841065242018,9.211660405357835,2498.2665826679035,249,188,150,0.4,10.033199127180335,1.6541587215717277,1.3782962297862615,0.7550200803212851,baseline,data1504,150
107,43,4,4505.343143168924,2499.4712693066062,2999.733989584142,9.211660405357835,2499.010686286339,249,126,150,0.7133333333333334,10.03618749512586,1.802518476005039,1.5019142226652928,0.5060240963855421,lya,data1504,150
60,90,0,4133.29133395129,2498.7423700219365,2998.871473909549,9.51574708067958,2498.2665826679035,249,188,150,0.4,10.033199127180335,1.6541486563558785,1.378282253811574,0.7550200803212851,baseline,data1505,150
107,43,4,4505.343143168924,2499.4864736403715,2999.7643982516747,9.51574708067958,2499.010686286339,249,126,150,0.7133333333333334,10.03618749512586,1.8025075113157651,1.501898997732866,0.5060240963855421,lya,data1505,150
60,90,0,4133.29133395129,2498.739266409539,2998.8652666847556,9.453674832752315,2498.2665826679035,249,188,150,0.4,10.033199127180335,1.654150710926496,1.3782851066599073,0.7550200803212851,baseline,data1506,150
107,43,4,4505.343143168924,2499.4833700279755,2999.75819102688,9.453674832752315,2499.010686286339,249,126,150,0.7133333333333334,10.03618749512586,1.8025097494921511,1.5019021055249293,0.5060240963855421,lya,data1506,150
60,90,0,4133.29133395129,2498.713465547412,2998.813664960498,8.93765759017229,2498.2665826679035,249,188,150,0.4,10.033199127180335,1.6541677911219719,1.3783088233345555,0.7550200803212851,baseline,data1507,150
107,43,4,4505.343143168924,2499.457569165847,2999.7065893026233,8.93765759017229,2499.010686286339,249,126,150,0.7133333333333334,10.03618749512586,1.8025283560514727,1.5019279416312292,0.5060240963855421,lya,data1507,150
60,90,0,4133.29133395129,2498.7465484054323,2998.879830676538,9.599314750566743,2498.2665826679035,249,188,150,0.4,10.033199127180335,1.6541458903020545,1.3782784130495926,0.7550200803212851,baseline,data1508,150
107,43,4,4505.343143168924,2499.4906520238687,2999.772755018663,9.599314750566743,2499.010686286339,249,126,150,0.7133333333333334,10.03618749512586,1.8025044980747944,1.5018948137426145,0.5060240963855421,lya,data1508,150
60,90,0,4133.29133395129,2498.7351250459587,2998.85698395759,9.370847561089729,2498.2665826679035,249,188,150,0.4,10.033199127180335,1.6541534524893937,1.3782889134301388,0.7550200803212851,baseline,data1509,150
107,43,4,4505.343143168924,2499.4792286643933,2999.749908299715,9.370847561089729,2499.010686286339,249,126,150,0.7133333333333334,10.03618749512586,1.8025127360535707,1.501906252485759,0.5060240963855421,lya,data1509,150
60,90,0,4133.29133395129,2498.715817617553,2998.818369100777,8.984698992978538,2498.2665826679035,249,188,150,0.4,10.033199127180335,1.6541662340346703,1.3783066612302681,0.7550200803212851,baseline,data1510,150
107,43,4,4505.343143168924,2499.459921235989,2999.711293442902,8.984698992978538,2499.010686286339,249,126,150,0.7133333333333334,10.03618749512586,1.8025266598157816,1.501925586311322,0.5060240963855421,lya,data1510,150
60,90,0,4133.29133395129,2498.7260479929996,2998.8388298516666,9.189306501870723,2498.2665826679035,249,188,150,0.4,10.033199127180335,1.6541594614868598,1.3782972571939578,0.7550200803212851,baseline,data1511,150
107,43,4,4505.343143168924,2499.4701516114337,2999.7317541937914,9.189306501870723,2499.010686286339,249,126,150,0.7133333333333334,10.03618749512586,1.8025192820423497,1.5019153418868885,0.5060240963855421,lya,data1511,150
60,90,0,4133.29133395129,2498.734152785691,2998.855039437054,9.351402355729899,2498.2665826679035,249,188,150,0.4,10.033199127180335,1.6541540961223615,1.3782898071415923,0.7550200803212851,baseline,data1512,150
107,43,4,4505.343143168924,2499.4782564041257,2999.7479637791794,9.351402355729899,2499.010686286339,249,126,150,0.7133333333333334,10.03618749512586,1.8025134372045053,1.5019072260634014,0.5060240963855421,lya,data1512,150
60,90,0,4133.29133395129,2498.7347933183787,2998.8563205024334,9.364213009528855,2498.2665826679035,249,188,150,0.4,10.033199127180335,1.6541536720918595,1.3782892183573474,0.7550200803212851,baseline,data1513,150
107,43,4,4505.343143168924,2499.4788969368124,2999.749244844559,9.364213009528855,2499.010686286339,249,126,150,0.7133333333333334,10.03618749512586,1.8025129752807114,1.501906584662673,0.5060240963855421,lya,data1513,150
60,90,0,4133.29133395129,2498.7298184327847,2998.8463707312458,9.264715297640695,2498.2665826679035,249,188,150,0.4,10.033199127180335,1.6541569654552368,1.3782937913366393,0.7550200803212851,baseline,data1514,150
107,43,4,4505.343143168924,2499.4739220512206,2999.739295073371,9.264715297640695,2499.010686286339,249,126,150,0.7133333333333334,10.03618749512586,1.8025165629540016,1.5019115663045401,0.5060240963855421,lya,data1514,150
60,90,0,4133.29133395129,2498.7242986961255,2998.8353312579256,9.154320564435913,2498.2665826679035,249,188,150,0.4,10.033199127180335,1.6541606195241738,1.3782988651856027,0.7550200803212851,baseline,data1515,150
107,43,4,4505.343143168924,2499.468402314562,2999.7282556000496,9.154320564435913,2499.010686286339,249,126,150,0.7133333333333334,10.03618749512586,1.8025205435671356,1.5019170935760977,0.5060240963855421,lya,data1515,150
60,90,0,4133.29133395129,2498.747267048002,2998.8812679616713,9.613687601934975,2498.2665826679035,249,188,150,0.4,10.033199127180335,1.654145414567806,1.3782777524769005,0.7550200803212851,baseline,data1516,150
107,43,4,4505.343143168924,2499.4913706664365,2999.7741923037966,9.613687601934975,2499.010686286339,249,126,150,0.7133333333333334,10.03618749512586,1.8025039798267717,1.5018940941380876,0.5060240963855421,lya,data1516,150
60,90,0,4133.29133395129,2498.723988853357,2998.8347115723864,9.14812370904278,2498.2665826679035,249,188,150,0.4,10.033199127180335,1.6541608246407487,1.3782991500001915,0.7550200803212851,baseline,data1517,150
107,43,4,4505.343143168924,2499.4680924717923,2999.72763591451,9.14812370904278,2499.010686286339,249,126,150,0.7133333333333334,10.03618749512586,1.8025207670138599,1.5019174038430345,0.5060240963855421,lya,data1517,150
60,90,0,4133.29133395129,2498.729699889774,2998.8461336452256,9.262344437439715,2498.2665826679035,249,188,150,0.4,10.033199127180335,1.6541570439306104,1.3782939003032801,0.7550200803212851,baseline,data1518,150
107,43,4,4505.343143168924,2499.473803508208,2999.739057987351,9.262344437439715,2499.010686286339,249,126,150,0.7133333333333334,10.03618749512586,1.8025166484422923,1.5019116850089438,0.5060240963855421,lya,data1518,150
60,90,0,4133.29133395129,2498.7434520589127,2998.8736379834986,9.537387820191165,2498.2665826679035,249,188,150,0.4,10.033199127180335,1.6541479400558483,1.3782812592032374,0.7550200803212851,baseline,data1519,150
107,43,4,4505.343143168924,2499.4875556773486,2999.766562325623,9.537387820191165,2499.010686286339,249,126,150,0.7133333333333334,10.03618749512586,1.8025067310039071,1.5018979142417255,0.5060240963855421,lya,data1519,150
60,90,0,4133.29133395129,2498.739955619216,2998.8666451041113,9.467459026276762,2498.2665826679035,249,188,150,0.4,10.033199127180335,1.6541502546738658,1.3782844731356152,0.7550200803212851,baseline,data1520,150
107,43,4,4505.343143168924,2499.4840592376527,2999.7595694462366,9.467459026276762,2499.010686286339,249,126,150,0.7133333333333334,10.03618749512586,1.802509252466712,1.5019014153859744,0.5060240963855421,lya,data1520,150
58,142,0,4298.023771802838,2499.1483110803297,2999.4197841257737,11.045270734468549,2498.596047543605,249,189,200,0.29,10.034522279291586,1.7197954009959866,1.4329517310480642,0.7590361445783133,baseline,data1751,200
108,92,4,3975.09312991671,2498.5024497965583,2998.6447505852457,11.045270734468549,2497.950186259833,249,123,200,0.54,10.031928458874832,1.5909902870979309,1.325629896352641,0.4939759036144578,lya,data1751,200
58,142,0,4298.023771802838,2499.1403468202607,2999.4038556056335,10.885985533062218,2498.596047543605,249,189,200,0.29,10.034522279291586,1.7198008816397035,1.4329593408270758,0.7590361445783133,baseline,data1752,200
108,92,4,3975.09312991671,2498.494485536487,2998.628822065104,10.885985533062218,2497.950186259833,249,123,200,0.54,10.031928458874832,1.5909953585761714,1.3256369380119317,0.4939759036144578,lya,data1752,200
58,142,0,4298.023771802838,2499.125255594066,2999.3736731532463,10.584161009217553,2498.596047543605,249,189,200,0.29,10.034522279291586,1.719811266835106,1.4329737605799278,0.7590361445783133,baseline,data1753,200
108,92,4,3975.09312991671,2498.479394310292,2998.5986396127205,10.584161009217553,2497.950186259833,249,123,200,0.54,10.031928458874832,1.5910049684496355,1.3256502812360733,0.4939759036144578,lya,data1753,200
58,142,0,4298.023771802838,2499.124429401964,2999.3720207690444,10.567637167205028,2498.596047543605,249,189,200,0.29,10.034522279291586,1.7198118353920249,1.4329745500195796,0.7590361445783133,baseline,data1754,200
108,92,4,3975.09312991671,2498.478568118194,2998.5969872285177,10.567637167205028,2497.950186259833,249,123,200,0.54,10.031928458874832,1.591005494560105,1.3256510117389027,0.4939759036144578,lya,data1754,200
58,142,0,4298.023771802838,2499.1160929673297,2999.3553478997724,10.400908474472068,2498.596047543605,249,189,200,0.29,10.034522279291586,1.7198175722599476,1.4329825156637168,0.7590361445783133,baseline,data1755,200
108,92,4,3975.09312991671,2498.4702316835574,2998.5803143592466,10.400908474472068,2497.950186259833,249,123,200,0.54,10.031928458874832,1.5910108031337848,1.3256583826957224,0.4939759036144578,lya,data1755,200
58,142,0,4298.023771802838,2499.1282784095365,2999.3797187841965,10.644617318694314,2498.596047543605,249,189,200,0.29,10.034522279291586,1.7198091866409242,1.4329708722392274,0.7590361445783133,baseline,data1756,200
108,92,4,3975.09312991671,2498.4824171257656,2998.6046852436684,10.644617318694314,2497.950186259833,249,123,200,0.54,10.031928458874832,1.591003043555386,1.325647608528862,0.4939759036144578,lya,data1756,200
58,142,0,4298.023771802838,2499.118008126006,2999.3591782171343,10.439211648048623,2498.596047543605,249,189,200,0.29,10.034522279291586,1.7198162543055595,1.432980685680216,0.7590361445783133,baseline,data1757,200
108,92,4,3975.09312991671,2498.4721468422363,2998.5841446766067,10.439211648048623,2497.950186259833,249,123,200,0.54,10.031928458874832,1.5910095835732019,1.325656689332431,0.4939759036144578,lya,data1757,200
58,142,0,4298.023771802838,2499.1429303654295,2999.409022695978,10.937656436480532,2498.596047543605,249,189,200,0.29,10.034522279291586,1.719799103756892,1.4329568722639963,0.7590361445783133,baseline,data1758,200
108,92,4,3975.09312991671,2498.497069081658,2998.6339891554494,10.937656436480532,2497.950186259833,249,123,200,0.54,10.031928458874832,1.590993713423801,1.3256346537432118,0.4939759036144578,lya,data1758,200
58,142,0,4298.023771802838,2499.1176895109243,2999.3585409869684,10.432839346374518,2498.596047543605,249,189,200,0.29,10.034522279291586,1.7198164735667005,1.432980990124819,0.7590361445783133,baseline,data1759,200
108,92,4,3975.09312991671,2498.471828227152,2998.5835074464403,10.432839346374518,2497.950186259833,249,123,200,0.54,10.031928458874832,1.5910097864650845,1.3256569710482582,0.4939759036144578,lya,data1759,200
58,142,0,4298.023771802838,2499.13267330803,2999.388508581178,10.732515288518625,2498.596047543605,249,189,200,0.29,10.034522279291586,1.7198061622369445,1.4329666728755865,0.7590361445783133,baseline,data1760,200
108,92,4,3975.09312991671,2498.486812024257,2998.613475040652,10.732515288518625,2497.950186259833,249,123,200,0.54,10.031928458874832,1.5910002449427048,1.325643722675134,0.4939759036144578,lya,data1760,200
58,142,0,4298.023771802838,2499.135911504999,2999.394984975124,10.797279227947962,2498.596047543605,249,189,200,0.29,10.034522279291586,1.7198039338382902,1.4329635787660306,0.7590361445783133,baseline,data1761,200
108,92,4,3975.09312991671,2498.4900502212276,2998.6199514345967,10.797279227947962,2497.950186259833,249,123,200,0.54,10.031928458874832,1.5909981829084079,1.3256408595610625,0.4939759036144578,lya,data1761,200
58,142,0,4298.023771802838,2499.1269666530966,2999.377095271313,10.61838218986377,2498.596047543605,249,189,200,0.29,10.034522279291586,1.7198100893444708,1.4329721256386585,0.7590361445783133,baseline,data1762,200
108,92,4,3975.09312991671,2498.481105369325,2998.602061730788,10.61838218986377,2497.950186259833,249,123,200,0.54,10.031928458874832,1.591003878866281,1.3256487683538418,0.4939759036144578,lya,data1762,200
58,142,0,4298.023771802838,2499.1325296837867,2999.3882213326865,10.729642803630925,2498.596047543605,249,189,200,0.29,10.034522279291586,1.719806261073583,1.4329668101094106,0.7590361445783133,baseline,data1763,200
108,92,4,3975.09312991671,2498.486668400013,2998.6131877921616,10.729642803630925,2497.950186259833,249,123,200,0.54,10.031928458874832,1.5910003364005498,1.3256438496635565,0.4939759036144578,lya,data1763,200
58,142,0,4298.023771802838,2499.1381401580015,2999.3994422811193,10.841852287921139,2498.596047543605,249,189,200,0.29,10.034522279291586,1.7198024001710874,1.4329614492873555,0.7590361445783133,baseline,data1764,200
108,92,4,3975.09312991671,2498.492278874229,2998.624408740592,10.841852287921139,2497.950186259833,249,123,200,0.54,10.031928458874832,1.5909967637393732,1.3256388890618782,0.4939759036144578,lya,data1764,200
58,142,0,4298.023771802838,2499.134391720957,2999.391945407031,10.76688354704182,2498.596047543605,249,189,200,0.29,10.034522279291586,1.71980497969264,1.4329650309238184,0.7590361445783133,baseline,data1765,200
108,92,4,3975.09312991671,2498.4885304371846,2998.6169118665034,10.76688354704182,2497.950186259833,249,123,200,0.54,10.031928458874832,1.590999150682973,1.3256422033057882,0.4939759036144578,lya,data1765,200
58,142,0,4298.023771802838,2499.1332412148745,2999.3896443948643,10.743873425379558,2498.596047543605,249,189,200,0.29,10.034522279291586,1.7198057714255723,1.432966130237466,0.7590361445783133,baseline,data1766,200
108,92,4,3975.09312991671,2498.4873799311017,2998.6146108543385,10.743873425379558,2497.950186259833,249,123,200,0.54,10.031928458874832,1.5909998833079266,1.3256432205484925,0.4939759036144578,lya,data1766,200
58,142,0,4298.023771802838,2499.139077217574,2999.4013164002577,10.860593479314325,2498.596047543605,249,189,200,0.29,10.034522279291586,1.7198017553261018,1.4329605539285177,0.7590361445783133,baseline,data1767,200
108,92,4,3975.09312991671,2498.4932159338014,2998.626282859731,10.860593479314325,2497.950186259833,249,123,200,0.54,10.031928458874832,1.5909961670362334,1.3256380605474256,0.4939759036144578,lya,data1767,200
58,142,0,4298.023771802838,2499.143265544954,2999.4096930550295,10.94436002702268,2498.596047543605,249,189,200,0.29,10.034522279291586,1.7197988731012694,1.432956552002442,0.7590361445783133,baseline,data1768,200
108,92,4,3975.09312991671,2498.497404261184,2998.634659514501,10.94436002702268,2497.950186259833,249,123,200,0.54,10.031928458874832,1.5909934999881106,1.325634357391275,0.4939759036144578,lya,data1768,200
58,142,0,4298.023771802838,2499.1025702993616,2999.3283025638493,10.130455115192909,2498.596047543605,249,189,200,0.29,10.034522279291586,1.7198268782093198,1.4329954370546412,0.7590361445783133,baseline,data1769,200
108,92,4,3975.09312991671,2498.4567090155906,2998.5532690233217,10.130455115192909,2497.950186259833,249,123,200,0.54,10.031928458874832,1.5910194143339487,1.3256703394205378,0.4939759036144578,lya,data1769,200
58,142,0,4298.023771802838,2499.1256728734757,2999.3745077120675,10.592506597375865,2498.596047543605,249,189,200,0.29,10.034522279291586,1.7198109796779462,1.4329733618631655,0.7590361445783133,baseline,data1770,200
108,92,4,3975.09312991671,2498.4798115897042,2998.599474171537,10.592506597375865,2497.950186259833,249,123,200,0.54,10.031928458874832,1.591004702730611,1.325649912286122,0.4939759036144578,lya,data1770,200
